idn,idm
1,1100
2,1913
3,81
4,1010
5,1855
6,26
7,637
8,1421
9,752
10,753
11,294
12,258
13,1191
14,1165
15,524
16,850
17,538
18,539
19,1057
20,953
21,1717
22,78
23,1451
24,1091
25,1410
26,1193
27,1147
28,74
29,1248
30,1269
31,1324
32,807
33,1748
34,544
35,1991
36,1144
37,162
38,1652
39,1459
40,465
41,991
42,326
43,514
44,1282
45,318
46,1568
47,1687
48,964
49,1057
50,736
51,1474
52,1565
53,421
54,1032
55,1865
56,921
57,1666
58,1894
59,1282
60,537
61,479
62,1058
63,460
64,1910
65,1863
66,1177
67,387
68,455
69,1207
70,618
71,1199
72,1046
73,1364
74,1986
75,1754
76,84
77,644
78,1523
79,89
80,700
81,1926
82,1719
83,1349
84,1051
85,1664
86,141
87,1033
88,796
89,134
90,807
91,1409
92,665
93,791
94,1361
95,1516
96,1485
97,1005
98,1341
99,1106
100,396
101,1524
102,1472
103,69
104,53
105,975
106,20
107,183
108,1922
109,1195
110,44
111,766
112,288
113,717
114,307
115,973
116,444
117,285
118,1166
119,1469
120,1532
121,1468
122,960
123,622
124,509
125,114
126,1736
127,590
128,1443
129,1786
130,862
131,751
132,1458
133,1088
134,694
135,1870
136,1877
137,36
138,851
139,564
140,1773
141,686
142,729
143,296
144,1900
145,1808
146,898
147,1985
148,1796
149,278
150,1336
151,1374
152,502
153,1683
154,1469
155,1617
156,1597
157,93
158,921
159,1426
160,505
161,1743
162,19
163,373
164,399
165,1894
166,1549
167,1577
168,1775
169,550
170,1328
171,1214
172,1248
173,862
174,234
175,656
176,262
177,1933
178,1661
179,1299
180,62
181,1693
182,1891
183,1518
184,1735
185,451
186,1118
187,430
188,846
189,1775
190,1528
191,238
192,879
193,661
194,1134
195,1760
196,11
197,1267
198,1659
199,1124
200,988
201,1359
202,475
203,1400
204,534
205,1855
206,1191
207,1219
208,43
209,1211
210,49
211,275
212,353
213,1009
214,925
215,172
216,1588
217,1366
218,1689
219,1947
220,1721
221,1609
222,1412
223,1652
224,1437
225,1836
226,1454
227,724
228,605
229,834
230,570
231,427
232,477
233,620
234,432
235,747
236,1918
237,447
238,628
239,1323
240,1624
241,1249
242,764
243,45
244,1473
245,1250
246,13
247,582
248,1979
249,914
250,1139
251,1415
252,931
253,765
254,637
255,1869
256,205
257,858
258,1260
259,1544
260,1432
261,387
262,1575
263,205
264,1583
265,386
266,696
267,607
268,1439
269,934
270,1806
271,578
272,1662
273,1969
274,1816
275,876
276,139
277,934
278,344
279,743
280,665
281,1984
282,1809
283,1599
284,940
285,1767
286,477
287,1404
288,865
289,1738
290,1320
291,984
292,1625
293,1515
294,1533
295,767
296,1325
297,605
298,1204
299,979
300,798
301,1538
302,1135
303,915
304,883
305,192
306,1984
307,886
308,1361
309,314
310,1810
311,1410
312,1185
313,1934
314,1502
315,1791
316,1536
317,964
318,742
319,1399
320,86
321,1372
322,1892
323,1535
324,482
325,1411
326,1172
327,236
328,1294
329,1336
330,1985
331,1547
332,370
333,825
334,397
335,39
336,29
337,524
338,1911
339,917
340,1642
341,110
342,619
343,337
344,186
345,255
346,533
347,1955
348,1955
349,729
350,1922
351,1793
352,820
353,1452
354,1430
355,679
356,1727
357,931
358,1605
359,434
360,1216
361,147
362,1224
363,587
364,235
365,1041
366,791
367,1678
368,260
369,796
370,1176
371,1723
372,1435
373,1239
374,1484
375,1117
376,271
377,1026
378,355
379,614
380,467
381,461
382,1939
383,202
384,86
385,203
386,798
387,211
388,1220
389,1810
390,15
391,1093
392,942
393,1
394,708
395,173
396,1622
397,373
398,983
399,770
400,1050
401,1839
402,1457
403,454
404,956
405,1871
406,657
407,51
408,1107
409,1791
410,645
411,1733
412,203
413,1958
414,621
415,200
416,1667
417,1758
418,393
419,1485
420,245
421,1696
422,843
423,721
424,544
425,801
426,1511
427,651
428,626
429,1308
430,1648
431,146
432,1554
433,1216
434,1829
435,1679
436,1264
437,387
438,905
439,1937
440,658
441,1357
442,1061
443,1988
444,1093
445,1638
446,361
447,1063
448,608
449,1204
450,213
451,1891
452,477
453,1891
454,321
455,569
456,700
457,610
458,1983
459,1666
460,1998
461,1764
462,1412
463,1157
464,990
465,1678
466,97
467,1280
468,665
469,1359
470,521
471,465
472,167
473,936
474,760
475,1212
476,680
477,1563
478,571
479,1296
480,1232
481,1138
482,801
483,1139
484,1058
485,1809
486,1242
487,902
488,805
489,1763
490,1218
491,1218
492,31
493,767
494,1207
495,1323
496,1447
497,554
498,1092
499,259
500,65
501,993
502,504
503,1669
504,1799
505,52
506,1042
507,1454
508,647
509,1016
510,1657
511,97
512,713
513,1324
514,268
515,1188
516,1120
517,1480
518,605
519,1788
520,646
521,1608
522,326
523,825
524,403
525,915
526,162
527,1486
528,1416
529,1137
530,1637
531,1001
532,1829
533,1009
534,1906
535,1426
536,367
537,142
538,1876
539,827
540,1125
541,123
542,795
543,1586
544,256
545,1184
546,1073
547,567
548,595
549,1190
550,1201
551,1751
552,632
553,1
554,1601
555,281
556,55
557,1830
558,901
559,1413
560,1867
561,1484
562,1927
563,1199
564,1651
565,1413
566,1888
567,238
568,986
569,1474
570,142
571,1415
572,1262
573,1537
574,303
575,157
576,596
577,658
578,612
579,1416
580,923
581,139
582,1649
583,1930
584,1436
585,321
586,465
587,1508
588,755
589,1646
590,1993
591,1467
592,1437
593,1073
594,924
595,1685
596,382
597,822
598,1513
599,614
600,524
601,953
602,366
603,1817
604,754
605,466
606,944
607,349
608,672
609,983
610,234
611,887
612,1490
613,1894
614,265
615,1453
616,1100
617,1637
618,231
619,297
620,340
621,615
622,1844
623,670
624,511
625,449
626,212
627,731
628,839
629,1370
630,526
631,356
632,1273
633,980
634,1158
635,824
636,79
637,1695
638,692
639,770
640,632
641,1819
642,1648
643,792
644,416
645,116
646,292
647,1298
648,1797
649,872
650,760
651,1862
652,108
653,1469
654,1722
655,89
656,979
657,1894
658,1023
659,1638
660,36
661,1495
662,275
663,1501
664,418
665,1624
666,944
667,787
668,1886
669,320
670,251
671,91
672,1106
673,1398
674,1864
675,1296
676,1816
677,748
678,1203
679,677
680,80
681,984
682,1510
683,1434
684,1411
685,1549
686,682
687,12
688,871
689,1871
690,1188
691,430
692,8
693,1452
694,451
695,544
696,282
697,259
698,756
699,343
700,1553
701,1071
702,1509
703,1204
704,1153
705,1344
706,1478
707,1308
708,3
709,615
710,1821
711,818
712,1114
713,1257
714,1097
715,903
716,1660
717,1419
718,398
719,1294
720,610
721,1362
722,1179
723,1301
724,72
725,264
726,1282
727,1446
728,185
729,1219
730,1983
731,1485
732,212
733,1119
734,121
735,882
736,406
737,916
738,1872
739,946
740,1694
741,1816
742,1267
743,1969
744,48
745,1392
746,824
747,177
748,1589
749,1053
750,1127
751,1284
752,1796
753,1602
754,1975
755,1057
756,855
757,308
758,1264
759,1978
760,982
761,152
762,1632
763,407
764,1203
765,1768
766,697
767,468
768,609
769,810
770,1949
771,1643
772,1035
773,1425
774,1771
775,777
776,1270
777,1529
778,911
779,741
780,742
781,926
782,578
783,1001
784,1755
785,727
786,1544
787,1688
788,353
789,1372
790,994
791,79
792,548
793,127
794,211
795,521
796,1155
797,50
798,236
799,910
800,263
801,1604
802,811
803,642
804,1728
805,220
806,743
807,534
808,1616
809,591
810,1973
811,1916
812,1119
813,207
814,50
815,1625
816,828
817,1344
818,1332
819,1501
820,1446
821,1403
822,1916
823,1199
824,246
825,1392
826,707
827,991
828,1910
829,1695
830,1636
831,1317
832,481
833,1255
834,360
835,1611
836,1026
837,1628
838,396
839,647
840,1152
841,1641
842,257
843,266
844,107
845,1854
846,752
847,1017
848,1165
849,501
850,1115
851,1807
852,10
853,40
854,531
855,637
856,1126
857,1850
858,1178
859,1833
860,408
861,125
862,929
863,1938
864,490
865,658
866,1704
867,826
868,1094
869,965
870,299
871,254
872,1407
873,268
874,740
875,679
876,1334
877,1461
878,530
879,209
880,1198
881,1718
882,1711
883,1367
884,588
885,1852
886,763
887,1707
888,172
889,491
890,842
891,1802
892,1468
893,1848
894,1659
895,1122
896,212
897,1815
898,717
899,1579
900,1665
901,263
902,1683
903,181
904,445
905,1022
906,984
907,792
908,93
909,367
910,1081
911,516
912,380
913,469
914,828
915,504
916,977
917,178
918,574
919,140
920,1220
921,372
922,1504
923,95
924,201
925,244
926,36
927,1256
928,1120
929,415
930,791
931,1479
932,80
933,1657
934,1310
935,384
936,1577
937,586
938,1751
939,113
940,285
941,411
942,956
943,1725
944,369
945,78
946,1169
947,1938
948,270
949,405
950,308
951,420
952,1833
953,418
954,1463
955,564
956,1527
957,906
958,1561
959,834
960,1298
961,882
962,1737
963,1861
964,1951
965,1089
966,1424
967,649
968,1518
969,789
970,1929
971,1753
972,1558
973,1904
974,883
975,1158
976,1421
977,784
978,64
979,1762
980,1604
981,1168
982,955
983,1358
984,190
985,1174
986,1436
987,1155
988,1818
989,1115
990,128
991,747
992,564
993,1350
994,1012
995,642
996,972
997,1851
998,1805
999,547
1000,653
1001,1360
1002,488
1003,621
1004,279
1005,837
1006,770
1007,1567
1008,164
1009,1064
1010,1638
1011,723
1012,116
1013,488
1014,674
1015,578
1016,1122
1017,1778
1018,281
1019,27
1020,87
1021,1838
1022,1150
1023,197
1024,1949
1025,1266
1026,1776
1027,893
1028,331
1029,493
1030,906
1031,1350
1032,1763
1033,1808
1034,1254
1035,318
1036,907
1037,1746
1038,48
1039,1399
1040,1047
1041,419
1042,684
1043,1006
1044,1301
1045,1360
1046,1317
1047,1997
1048,1777
1049,1264
1050,1737
1051,1287
1052,1670
1053,84
1054,394
1055,1054
1056,714
1057,1262
1058,431
1059,838
1060,1405
1061,1028
1062,1630
1063,933
1064,1348
1065,1724
1066,4
1067,1239
1068,1855
1069,1460
1070,379
1071,866
1072,892
1073,1158
1074,1193
1075,1964
1076,5
1077,1921
1078,292
1079,202
1080,150
1081,21
1082,947
1083,1216
1084,857
1085,36
1086,380
1087,1359
1088,812
1089,989
1090,809
1091,1706
1092,958
1093,66
1094,1906
1095,952
1096,1773
1097,1600
1098,422
1099,976
1100,1718
1101,1036
1102,490
1103,1550
1104,1689
1105,40
1106,1807
1107,1802
1108,1445
1109,1966
1110,1666
1111,1730
1112,1435
1113,1900
1114,1718
1115,556
1116,1843
1117,614
1118,1999
1119,222
1120,1346
1121,42
1122,989
1123,1268
1124,107
1125,1341
1126,1566
1127,1977
1128,1198
1129,1599
1130,1593
1131,1981
1132,1554
1133,672
1134,861
1135,706
1136,726
1137,1313
1138,1953
1139,1388
1140,353
1141,406
1142,512
1143,1536
1144,365
1145,1790
1146,1055
1147,170
1148,549
1149,97
1150,1371
1151,96
1152,606
1153,117
1154,595
1155,450
1156,675
1157,91
1158,1768
1159,472
1160,456
1161,1195
1162,1707
1163,1763
1164,1690
1165,98
1166,607
1167,793
1168,1419
1169,210
1170,715
1171,466
1172,986
1173,1013
1174,1913
1175,1524
1176,1680
1177,301
1178,604
1179,1989
1180,1525
1181,1785
1182,332
1183,817
1184,362
1185,1159
1186,849
1187,1352
1188,145
1189,922
1190,863
1191,1849
1192,1082
1193,576
1194,1689
1195,34
1196,50
1197,1973
1198,700
1199,1808
1200,687
1201,1648
1202,1778
1203,510
1204,1244
1205,1074
1206,658
1207,1052
1208,736
1209,252
1210,673
1211,1491
1212,1569
1213,1857
1214,1543
1215,97
1216,866
1217,1667
1218,626
1219,1171
1220,1035
1221,1633
1222,1659
1223,433
1224,745
1225,684
1226,826
1227,1124
1228,1554
1229,1865
1230,1555
1231,472
1232,1132
1233,977
1234,1182
1235,1659
1236,806
1237,1178
1238,1672
1239,1069
1240,1411
1241,1434
1242,968
1243,1113
1244,613
1245,356
1246,1064
1247,715
1248,1700
1249,103
1250,150
1251,231
1252,1906
1253,1406
1254,1727
1255,1184
1256,498
1257,1750
1258,1926
1259,1424
1260,1501
1261,1626
1262,1735
1263,1235
1264,694
1265,1936
1266,1228
1267,477
1268,1627
1269,1304
1270,254
1271,1207
1272,1699
1273,1954
1274,406
1275,1473
1276,924
1277,1297
1278,1355
1279,1533
1280,1139
1281,1951
1282,1741
1283,1822
1284,1557
1285,1061
1286,784
1287,1922
1288,575
1289,367
1290,260
1291,1201
1292,1299
1293,1710
1294,1638
1295,1238
1296,1675
1297,675
1298,1667
1299,1493
1300,1459
1301,715
1302,1649
1303,1400
1304,1425
1305,1158
1306,795
1307,273
1308,1818
1309,1438
1310,824
1311,393
1312,814
1313,914
1314,912
1315,661
1316,1261
1317,1333
1318,1705
1319,1406
1320,1858
1321,460
1322,1840
1323,1407
1324,1349
1325,1001
1326,1746
1327,976
1328,124
1329,1333
1330,119
1331,145
1332,168
1333,1398
1334,333
1335,1900
1336,915
1337,716
1338,1042
1339,318
1340,1143
1341,1263
1342,1356
1343,1892
1344,1164
1345,1222
1346,1273
1347,225
1348,704
1349,1032
1350,1850
1351,112
1352,92
1353,1109
1354,1659
1355,1374
1356,1475
1357,389
1358,778
1359,171
1360,579
1361,977
1362,645
1363,671
1364,839
1365,961
1366,1751
1367,258
1368,1258
1369,1067
1370,1888
1371,1401
1372,1233
1373,1821
1374,1600
1375,281
1376,1934
1377,1661
1378,1571
1379,1464
1380,1226
1381,290
1382,1361
1383,3
1384,484
1385,32
1386,1343
1387,605
1388,1907
1389,1713
1390,360
1391,1784
1392,466
1393,1964
1394,1096
1395,985
1396,163
1397,860
1398,751
1399,1406
1400,1613
1401,1367
1402,1396
1403,838
1404,1371
1405,916
1406,1102
1407,1922
1408,1146
1409,1112
1410,1166
1411,1909
1412,891
1413,572
1414,1091
1415,1236
1416,663
1417,211
1418,335
1419,454
1420,1195
1421,353
1422,1248
1423,341
1424,139
1425,911
1426,775
1427,790
1428,1315
1429,981
1430,259
1431,1217
1432,1335
1433,726
1434,166
1435,1976
1436,1599
1437,1584
1438,162
1439,1479
1440,656
1441,1468
1442,1709
1443,1226
1444,1891
1445,599
1446,3
1447,411
1448,1912
1449,1653
1450,1354
1451,1269
1452,927
1453,636
1454,1264
1455,298
1456,288
1457,477
1458,1486
1459,924
1460,231
1461,970
1462,1080
1463,692
1464,658
1465,1226
1466,1261
1467,1680
1468,1564
1469,1799
1470,412
1471,918
1472,975
1473,1611
1474,1916
1475,918
1476,414
1477,955
1478,1029
1479,1255
1480,1980
1481,1961
1482,1101
1483,1045
1484,766
1485,1323
1486,1078
1487,1952
1488,1091
1489,194
1490,664
1491,258
1492,1034
1493,1603
1494,927
1495,554
1496,1201
1497,824
1498,992
1499,885
1500,805
1501,231
1502,35
1503,1970
1504,21
1505,1835
1506,978
1507,498
1508,224
1509,1574
1510,1396
1511,1186
1512,1939
1513,1643
1514,1620
1515,1378
1516,840
1517,321
1518,233
1519,576
1520,1480
1521,396
1522,1828
1523,811
1524,1877
1525,632
1526,1876
1527,1617
1528,1663
1529,1271
1530,1161
1531,1813
1532,830
1533,453
1534,551
1535,913
1536,1042
1537,11
1538,440
1539,920
1540,1023
1541,758
1542,1240
1543,283
1544,905
1545,670
1546,65
1547,1799
1548,1675
1549,10
1550,717
1551,668
1552,1111
1553,1421
1554,448
1555,263
1556,236
1557,1060
1558,1647
1559,800
1560,428
1561,511
1562,740
1563,51
1564,1356
1565,737
1566,789
1567,432
1568,973
1569,1402
1570,1525
1571,866
1572,1475
1573,1563
1574,1616
1575,1208
1576,536
1577,195
1578,1760
1579,501
1580,1349
1581,1395
1582,696
1583,775
1584,220
1585,922
1586,821
1587,164
1588,693
1589,894
1590,883
1591,644
1592,3
1593,1564
1594,467
1595,1227
1596,170
1597,603
1598,537
1599,435
1600,1453
1601,531
1602,555
1603,831
1604,127
1605,711
1606,1223
1607,44
1608,569
1609,1559
1610,1660
1611,396
1612,1549
1613,1317
1614,1632
1615,1984
1616,218
1617,657
1618,374
1619,53
1620,174
1621,337
1622,281
1623,43
1624,1839
1625,187
1626,680
1627,926
1628,613
1629,1707
1630,36
1631,1811
1632,46
1633,221
1634,1141
1635,1816
1636,682
1637,1397
1638,1819
1639,593
1640,1580
1641,1776
1642,1195
1643,1660
1644,766
1645,864
1646,159
1647,966
1648,853
1649,1640
1650,35
1651,881
1652,651
1653,1074
1654,185
1655,694
1656,350
1657,945
1658,1179
1659,425
1660,799
1661,899
1662,1980
1663,1991
1664,1565
1665,397
1666,925
1667,764
1668,353
1669,1592
1670,1758
1671,1923
1672,1653
1673,1755
1674,1615
1675,1895
1676,1543
1677,286
1678,276
1679,736
1680,181
1681,1195
1682,175
1683,529
1684,1964
1685,653
1686,809
1687,33
1688,837
1689,1586
1690,1982
1691,1313
1692,1839
1693,761
1694,853
1695,334
1696,593
1697,1108
1698,643
1699,1926
1700,1499
1701,1324
1702,453
1703,16
1704,343
1705,1870
1706,1089
1707,1097
1708,1038
1709,221
1710,53
1711,1247
1712,1128
1713,1641
1714,752
1715,1560
1716,1341
1717,64
1718,801
1719,969
1720,1096
1721,1635
1722,612
1723,1763
1724,865
1725,179
1726,1673
1727,1703
1728,991
1729,587
1730,1215
1731,1443
1732,719
1733,793
1734,604
1735,1712
1736,1643
1737,1639
1738,215
1739,1016
1740,199
1741,956
1742,1913
1743,854
1744,497
1745,948
1746,1629
1747,887
1748,1160
1749,1015
1750,553
1751,1517
1752,747
1753,1753
1754,182
1755,373
1756,994
1757,1205
1758,421
1759,1967
1760,767
1761,1884
1762,1714
1763,1323
1764,960
1765,451
1766,793
1767,1734
1768,144
1769,1138
1770,1026
1771,108
1772,1502
1773,1792
1774,1609
1775,77
1776,165
1777,1711
1778,1352
1779,348
1780,1294
1781,866
1782,53
1783,96
1784,1945
1785,1657
1786,1207
1787,1858
1788,923
1789,829
1790,1949
1791,1521
1792,1123
1793,1610
1794,521
1795,618
1796,531
1797,781
1798,1864
1799,799
1800,823
1801,1172
1802,1068
1803,811
1804,198
1805,102
1806,461
1807,214
1808,1184
1809,393
1810,209
1811,360
1812,1127
1813,480
1814,978
1815,439
1816,822
1817,370
1818,640
1819,1201
1820,632
1821,1199
1822,383
1823,438
1824,1349
1825,871
1826,1638
1827,1058
1828,1516
1829,1143
1830,613
1831,246
1832,1269
1833,1315
1834,1110
1835,1043
1836,1871
1837,1293
1838,1685
1839,1390
1840,851
1841,1351
1842,220
1843,1032
1844,1703
1845,1761
1846,598
1847,656
1848,27
1849,928
1850,463
1851,1182
1852,512
1853,560
1854,1686
1855,1166
1856,1729
1857,805
1858,615
1859,924
1860,799
1861,373
1862,1083
1863,1032
1864,1196
1865,587
1866,1025
1867,88
1868,254
1869,1212
1870,978
1871,1440
1872,497
1873,1046
1874,1245
1875,1509
1876,464
1877,249
1878,1857
1879,1571
1880,155
1881,1192
1882,552
1883,865
1884,1479
1885,1274
1886,795
1887,1904
1888,1796
1889,1827
1890,1451
1891,961
1892,860
1893,568
1894,1405
1895,599
1896,461
1897,788
1898,242
1899,1524
1900,1953
1901,313
1902,408
1903,1947
1904,234
1905,57
1906,1728
1907,1153
1908,766
1909,129
1910,818
1911,970
1912,1762
1913,1196
1914,1729
1915,1777
1916,987
1917,734
1918,986
1919,1328
1920,1832
1921,486
1922,1184
1923,1716
1924,1091
1925,332
1926,1831
1927,1746
1928,1211
1929,1697
1930,265
1931,1058
1932,165
1933,1757
1934,548
1935,777
1936,1554
1937,579
1938,464
1939,1733
1940,580
1941,1070
1942,106
1943,1907
1944,881
1945,1469
1946,997
1947,1130
1948,954
1949,1748
1950,1269
1951,1024
1952,689
1953,1724
1954,801
1955,122
1956,857
1957,395
1958,714
1959,1258
1960,809
1961,1431
1962,613
1963,503
1964,375
1965,1760
1966,1912
1967,1976
1968,649
1969,201
1970,1029
1971,642
1972,1222
1973,1324
1974,196
1975,1984
1976,224
1977,1095
1978,1728
1979,1438
1980,432
1981,990
1982,842
1983,66
1984,973
1985,205
1986,37
1987,1014
1988,1097
1989,1202
1990,814
1991,1609
1992,311
1993,269
1994,1019
1995,947
1996,1224
1997,442
1998,1416
1999,1556
2000,1285
2001,651
2002,825
2003,1331
2004,425
2005,374
2006,717
2007,1648
2008,105
2009,1559
2010,1020
2011,1596
2012,1135
2013,451
2014,333
2015,1597
2016,959
2017,1645
2018,210
2019,699
2020,993
2021,1698
2022,1317
2023,1025
2024,266
2025,1578
2026,43
2027,677
2028,507
2029,877
2030,1316
2031,997
2032,853
2033,1878
2034,1745
2035,197
2036,504
2037,1685
2038,231
2039,592
2040,1774
2041,409
2042,371
2043,1841
2044,889
2045,1500
2046,1350
2047,686
2048,1095
2049,420
2050,1601
2051,1574
2052,1000
2053,1469
2054,1376
2055,553
2056,1543
2057,44
2058,145
2059,663
2060,129
2061,1736
2062,686
2063,1750
2064,1268
2065,466
2066,995
2067,867
2068,420
2069,501
2070,1586
2071,1726
2072,425
2073,1020
2074,917
2075,1394
2076,354
2077,1476
2078,9
2079,837
2080,1197
2081,654
2082,683
2083,244
2084,554
2085,1862
2086,205
2087,621
2088,344
2089,1614
2090,667
2091,163
2092,1054
2093,1191
2094,1181
2095,1861
2096,524
2097,982
2098,392
2099,1269
2100,1339
2101,1958
2102,1687
2103,1985
2104,1807
2105,1307
2106,1344
2107,865
2108,1769
2109,414
2110,795
2111,1632
2112,184
2113,219
2114,1819
2115,1657
2116,1813
2117,1047
2118,1776
2119,1140
2120,1751
2121,1438
2122,1758
2123,1788
2124,1339
2125,417
2126,511
2127,658
2128,4
2129,209
2130,352
2131,1613
2132,62
2133,580
2134,958
2135,1394
2136,1217
2137,1657
2138,228
2139,62
2140,1768
2141,872
2142,985
2143,1427
2144,782
2145,260
2146,1591
2147,1568
2148,593
2149,1126
2150,1476
2151,1732
2152,253
2153,1576
2154,677
2155,662
2156,1561
2157,1704
2158,1894
2159,1845
2160,1818
2161,562
2162,139
2163,1270
2164,1213
2165,809
2166,1178
2167,862
2168,1294
2169,1776
2170,1286
2171,674
2172,1036
2173,630
2174,1585
2175,1141
2176,1336
2177,195
2178,1310
2179,459
2180,263
2181,1625
2182,977
2183,1617
2184,782
2185,1744
2186,1224
2187,184
2188,262
2189,433
2190,1629
2191,1486
2192,285
2193,1209
2194,737
2195,1533
2196,1528
2197,204
2198,1092
2199,1790
2200,1803
2201,887
2202,728
2203,181
2204,950
2205,1868
2206,1289
2207,820
2208,1336
2209,205
2210,854
2211,1666
2212,1492
2213,1827
2214,504
2215,827
2216,1106
2217,436
2218,393
2219,1486
2220,18
2221,801
2222,1116
2223,1231
2224,195
2225,1591
2226,1068
2227,481
2228,1865
2229,1571
2230,349
2231,1253
2232,529
2233,1088
2234,846
2235,1536
2236,505
2237,1710
2238,1206
2239,1641
2240,1125
2241,1409
2242,1323
2243,1646
2244,701
2245,1651
2246,200
2247,895
2248,1042
2249,1928
2250,185
2251,368
2252,1431
2253,1305
2254,1864
2255,846
2256,1845
2257,768
2258,489
2259,421
2260,1305
2261,81
2262,483
2263,1876
2264,805
2265,748
2266,591
2267,1829
2268,1750
2269,1450
2270,776
2271,89
2272,1896
2273,599
2274,973
2275,961
2276,548
2277,432
2278,152
2279,1436
2280,1386
2281,1593
2282,1448
2283,820
2284,1762
2285,1858
2286,1730
2287,780
2288,1322
2289,1547
2290,617
2291,855
2292,748
2293,700
2294,159
2295,686
2296,1039
2297,1101
2298,656
2299,345
2300,814
2301,311
2302,1422
2303,355
2304,1926
2305,1322
2306,442
2307,1898
2308,1382
2309,1895
2310,557
2311,1539
2312,707
2313,800
2314,1545
2315,1932
2316,191
2317,969
2318,1309
2319,346
2320,1987
2321,792
2322,1776
2323,1544
2324,1843
2325,127
2326,726
2327,417
2328,766
2329,746
2330,286
2331,1212
2332,4
2333,17
2334,1430
2335,1886
2336,1788
2337,1732
2338,320
2339,215
2340,395
2341,495
2342,1302
2343,653
2344,835
2345,1233
2346,899
2347,1605
2348,621
2349,1451
2350,1271
2351,674
2352,1606
2353,1879
2354,926
2355,623
2356,1329
2357,289
2358,1457
2359,1780
2360,558
2361,1026
2362,618
2363,353
2364,339
2365,1629
2366,1986
2367,690
2368,460
2369,292
2370,350
2371,383
2372,928
2373,138
2374,1558
2375,1050
2376,1506
2377,1913
2378,647
2379,114
2380,252
2381,1038
2382,1425
2383,498
2384,1007
2385,1476
2386,1548
2387,1902
2388,1007
2389,1392
2390,1574
2391,1717
2392,1807
2393,973
2394,1174
2395,1869
2396,668
2397,547
2398,710
2399,1895
2400,654
2401,1724
2402,1273
2403,1095
2404,1936
2405,543
2406,1130
2407,1192
2408,95
2409,130
2410,960
2411,993
2412,1130
2413,1875
2414,292
2415,1849
2416,772
2417,1333
2418,219
2419,1661
2420,137
2421,1856
2422,1938
2423,1319
2424,882
2425,496
2426,1792
2427,1447
2428,654
2429,1082
2430,1946
2431,262
2432,1577
2433,1593
2434,1990
2435,1043
2436,479
2437,304
2438,47
2439,92
2440,447
2441,1365
2442,728
2443,1425
2444,1350
2445,265
2446,1517
2447,1592
2448,197
2449,1927
2450,1863
2451,1813
2452,687
2453,104
2454,201
2455,763
2456,1025
2457,956
2458,307
2459,385
2460,1573
2461,19
2462,3
2463,291
2464,1019
2465,1667
2466,1152
2467,1246
2468,324
2469,1075
2470,1611
2471,1927
2472,835
2473,251
2474,1909
2475,1637
2476,1756
2477,1888
2478,1542
2479,1321
2480,788
2481,1036
2482,286
2483,747
2484,1417
2485,411
2486,921
2487,488
2488,319
2489,787
2490,1329
2491,856
2492,639
2493,641
2494,1174
2495,46
2496,736
2497,91
2498,1527
2499,227
2500,735
2501,857
2502,540
2503,364
2504,616
2505,1446
2506,491
2507,718
2508,391
2509,671
2510,1455
2511,1042
2512,1470
2513,1871
2514,995
2515,332
2516,1418
2517,1771
2518,703
2519,1304
2520,1860
2521,335
2522,332
2523,1216
2524,1893
2525,122
2526,858
2527,353
2528,610
2529,1775
2530,1555
2531,1493
2532,260
2533,63
2534,99
2535,840
2536,422
2537,652
2538,601
2539,1073
2540,1646
2541,1880
2542,1482
2543,1136
2544,579
2545,1787
2546,1822
2547,1169
2548,302
2549,793
2550,1740
2551,1344
2552,286
2553,711
2554,1928
2555,74
2556,801
2557,457
2558,424
2559,635
2560,1914
2561,1280
2562,264
2563,1244
2564,1257
2565,368
2566,277
2567,586
2568,664
2569,659
2570,1909
2571,175
2572,1222
2573,944
2574,483
2575,937
2576,571
2577,403
2578,1511
2579,165
2580,1420
2581,1080
2582,1623
2583,1870
2584,158
2585,1273
2586,1620
2587,948
2588,1064
2589,921
2590,1051
2591,1838
2592,1473
2593,1121
2594,1168
2595,1293
2596,1928
2597,1048
2598,1367
2599,334
2600,1628
2601,1924
2602,1670
2603,13
2604,178
2605,1066
2606,1063
2607,1700
2608,1624
2609,1978
2610,1882
2611,1038
2612,912
2613,201
2614,98
2615,1302
2616,935
2617,72
2618,239
2619,1021
2620,1983
2621,1061
2622,780
2623,1589
2624,138
2625,84
2626,1439
2627,1136
2628,724
2629,1819
2630,656
2631,1002
2632,1428
2633,1854
2634,893
2635,854
2636,1808
2637,668
2638,28
2639,1856
2640,1046
2641,795
2642,225
2643,627
2644,1655
2645,1366
2646,401
2647,1099
2648,1009
2649,1636
2650,600
2651,1623
2652,1786
2653,1011
2654,1433
2655,210
2656,917
2657,489
2658,470
2659,1163
2660,251
2661,1658
2662,1209
2663,1684
2664,1739
2665,19
2666,1813
2667,334
2668,149
2669,92
2670,945
2671,876
2672,936
2673,142
2674,1738
2675,6
2676,708
2677,784
2678,1714
2679,1566
2680,1386
2681,1806
2682,295
2683,265
2684,332
2685,1929
2686,979
2687,1944
2688,877
2689,224
2690,1553
2691,834
2692,1395
2693,1759
2694,1020
2695,1604
2696,333
2697,1574
2698,288
2699,1714
2700,1521
2701,1955
2702,383
2703,484
2704,954
2705,218
2706,98
2707,73
2708,39
2709,944
2710,278
2711,987
2712,57
2713,353
2714,45
2715,103
2716,1503
2717,1543
2718,1595
2719,1658
2720,1940
2721,1665
2722,700
2723,1720
2724,67
2725,1354
2726,391
2727,794
2728,1240
2729,1450
2730,1371
2731,1897
2732,1735
2733,142
2734,1767
2735,729
2736,1841
2737,1280
2738,1831
2739,164
2740,1007
2741,349
2742,1250
2743,1218
2744,114
2745,374
2746,1815
2747,1068
2748,812
2749,638
2750,1387
2751,1272
2752,1922
2753,1090
2754,1842
2755,1058
2756,1607
2757,1374
2758,637
2759,866
2760,1135
2761,1808
2762,1035
2763,344
2764,1243
2765,891
2766,103
2767,826
2768,35
2769,240
2770,1195
2771,1698
2772,1425
2773,1048
2774,891
2775,873
2776,1440
2777,1962
2778,1425
2779,1945
2780,805
2781,1999
2782,1008
2783,710
2784,1380
2785,1676
2786,1808
2787,454
2788,657
2789,124
2790,612
2791,1201
2792,868
2793,1681
2794,1989
2795,484
2796,153
2797,78
2798,11
2799,270
2800,1074
2801,1443
2802,547
2803,1731
2804,1039
2805,1576
2806,56
2807,435
2808,1873
2809,803
2810,1179
2811,814
2812,971
2813,718
2814,1689
2815,735
2816,686
2817,537
2818,109
2819,1772
2820,1627
2821,352
2822,1425
2823,1465
2824,801
2825,808
2826,1348
2827,1823
2828,1822
2829,336
2830,288
2831,955
2832,1450
2833,1836
2834,269
2835,1398
2836,42
2837,1847
2838,428
2839,1842
2840,1022
2841,387
2842,676
2843,1454
2844,1471
2845,1903
2846,1176
2847,738
2848,384
2849,78
2850,59
2851,1771
2852,1455
2853,1563
2854,400
2855,132
2856,727
2857,458
2858,978
2859,1488
2860,1998
2861,1783
2862,1898
2863,1696
2864,499
2865,1436
2866,435
2867,1028
2868,1228
2869,1167
2870,116
2871,868
2872,649
2873,1318
2874,1516
2875,1015
2876,1691
2877,1044
2878,664
2879,944
2880,992
2881,1548
2882,800
2883,149
2884,1758
2885,439
2886,300
2887,575
2888,1026
2889,1732
2890,663
2891,1613
2892,944
2893,346
2894,1263
2895,1055
2896,681
2897,946
2898,416
2899,231
2900,1350
2901,1036
2902,1589
2903,748
2904,1389
2905,1399
2906,1275
2907,85
2908,57
2909,89
2910,1967
2911,1317
2912,1806
2913,1277
2914,1837
2915,1117
2916,139
2917,1277
2918,1212
2919,515
2920,346
2921,383
2922,1460
2923,254
2924,1186
2925,1411
2926,1535
2927,1854
2928,765
2929,376
2930,494
2931,184
2932,1953
2933,1222
2934,1701
2935,372
2936,310
2937,598
2938,1467
2939,21
2940,112
2941,1879
2942,1262
2943,542
2944,721
2945,611
2946,1224
2947,306
2948,344
2949,1049
2950,563
2951,521
2952,856
2953,217
2954,651
2955,1828
2956,1635
2957,179
2958,652
2959,52
2960,212
2961,515
2962,911
2963,53
2964,1873
2965,7
2966,1367
2967,543
2968,626
2969,57
2970,592
2971,1576
2972,1378
2973,751
2974,392
2975,1786
2976,456
2977,1572
2978,1275
2979,967
2980,1839
2981,1095
2982,41
2983,850
2984,609
2985,1956
2986,1283
2987,1817
2988,941
2989,1564
2990,37
2991,1051
2992,642
2993,1104
2994,1657
2995,1428
2996,1715
2997,715
2998,444
2999,1669
3000,1469
3001,1497
3002,972
3003,1907
3004,1822
3005,410
3006,389
3007,1597
3008,1815
3009,1866
3010,1024
3011,1076
3012,1194
3013,1478
3014,1714
3015,1701
3016,1271
3017,846
3018,436
3019,399
3020,908
3021,1948
3022,471
3023,1729
3024,1517
3025,1438
3026,867
3027,1032
3028,1982
3029,934
3030,944
3031,1095
3032,111
3033,1813
3034,445
3035,688
3036,161
3037,1097
3038,1360
3039,1376
3040,1751
3041,695
3042,656
3043,1671
3044,656
3045,1210
3046,1563
3047,1368
3048,1529
3049,819
3050,435
3051,804
3052,1305
3053,732
3054,19
3055,206
3056,1705
3057,1967
3058,1456
3059,331
3060,559
3061,1662
3062,1177
3063,1156
3064,10
3065,776
3066,1386
3067,1396
3068,351
3069,1971
3070,921
3071,1768
3072,1661
3073,177
3074,42
3075,1402
3076,1311
3077,161
3078,501
3079,608
3080,151
3081,989
3082,1827
3083,943
3084,1992
3085,1810
3086,147
3087,294
3088,1004
3089,276
3090,1796
3091,619
3092,1841
3093,533
3094,1675
3095,130
3096,439
3097,12
3098,301
3099,965
3100,1258
3101,1921
3102,13
3103,1819
3104,1875
3105,1622
3106,332
3107,843
3108,1278
3109,139
3110,1692
3111,785
3112,1145
3113,998
3114,1694
3115,61
3116,1421
3117,184
3118,1929
3119,1947
3120,1709
3121,944
3122,210
3123,1120
3124,1835
3125,1878
3126,1185
3127,1525
3128,407
3129,1687
3130,1935
3131,1744
3132,70
3133,1319
3134,357
3135,960
3136,1393
3137,325
3138,885
3139,462
3140,720
3141,589
3142,1713
3143,150
3144,1927
3145,95
3146,423
3147,493
3148,646
3149,1578
3150,934
3151,312
3152,1174
3153,1652
3154,386
3155,1750
3156,1821
3157,1989
3158,100
3159,480
3160,872
3161,1944
3162,1375
3163,101
3164,1787
3165,1418
3166,618
3167,809
3168,1512
3169,303
3170,480
3171,964
3172,1074
3173,1619
3174,1578
3175,602
3176,1251
3177,233
3178,825
3179,887
3180,499
3181,1125
3182,1353
3183,1773
3184,1740
3185,603
3186,1030
3187,1000
3188,1779
3189,1519
3190,294
3191,660
3192,1246
3193,1016
3194,726
3195,1188
3196,1151
3197,1831
3198,1358
3199,1252
3200,704
3201,44
3202,833
3203,1931
3204,901
3205,1625
3206,1384
3207,257
3208,229
3209,922
3210,1879
3211,1162
3212,1864
3213,30
3214,454
3215,1833
3216,436
3217,1808
3218,385
3219,741
3220,555
3221,58
3222,774
3223,1657
3224,840
3225,759
3226,1316
3227,1364
3228,1586
3229,568
3230,380
3231,1725
3232,1732
3233,911
3234,1746
3235,1918
3236,1495
3237,108
3238,824
3239,1297
3240,1864
3241,638
3242,945
3243,894
3244,845
3245,4
3246,193
3247,461
3248,545
3249,1222
3250,993
3251,143
3252,963
3253,20
3254,704
3255,83
3256,1594
3257,292
3258,297
3259,943
3260,787
3261,1970
3262,1314
3263,952
3264,1212
3265,225
3266,771
3267,505
3268,1723
3269,1502
3270,142
3271,531
3272,465
3273,190
3274,947
3275,367
3276,734
3277,1603
3278,468
3279,963
3280,69
3281,1733
3282,748
3283,1316
3284,647
3285,1339
3286,1639
3287,956
3288,1977
3289,1543
3290,1892
3291,799
3292,965
3293,872
3294,667
3295,456
3296,946
3297,1894
3298,1155
3299,527
3300,1090
3301,1435
3302,163
3303,1147
3304,984
3305,1219
3306,858
3307,1643
3308,1635
3309,1973
3310,1524
3311,1092
3312,625
3313,792
3314,93
3315,59
3316,1221
3317,1448
3318,903
3319,747
3320,1358
3321,364
3322,841
3323,1569
3324,1438
3325,1459
3326,678
3327,1569
3328,1517
3329,299
3330,1327
3331,393
3332,1632
3333,828
3334,1607
3335,1100
3336,1967
3337,1682
3338,1953
3339,354
3340,816
3341,558
3342,1438
3343,1195
3344,1448
3345,397
3346,229
3347,1059
3348,437
3349,66
3350,215
3351,794
3352,1520
3353,1153
3354,627
3355,970
3356,358
3357,991
3358,1390
3359,765
3360,439
3361,386
3362,1918
3363,373
3364,1697
3365,909
3366,1358
3367,636
3368,1143
3369,1513
3370,436
3371,886
3372,1993
3373,1519
3374,215
3375,1970
3376,342
3377,1216
3378,1529
3379,154
3380,1656
3381,34
3382,854
3383,602
3384,1977
3385,1723
3386,1730
3387,777
3388,1361
3389,111
3390,166
3391,324
3392,528
3393,1600
3394,1286
3395,808
3396,500
3397,247
3398,856
3399,1179
3400,1630
3401,1470
3402,1734
3403,331
3404,1749
3405,1340
3406,519
3407,1677
3408,1139
3409,1233
3410,426
3411,579
3412,1078
3413,1680
3414,1007
3415,1798
3416,1268
3417,583
3418,1998
3419,850
3420,653
3421,1184
3422,361
3423,965
3424,48
3425,1728
3426,1727
3427,1190
3428,580
3429,260
3430,1375
3431,1714
3432,411
3433,217
3434,1591
3435,693
3436,891
3437,1671
3438,830
3439,632
3440,1201
3441,1927
3442,1678
3443,313
3444,1783
3445,248
3446,1928
3447,1053
3448,1129
3449,1471
3450,78
3451,1918
3452,1886
3453,1801
3454,447
3455,566
3456,302
3457,1270
3458,1693
3459,25
3460,851
3461,1868
3462,1012
3463,70
3464,342
3465,479
3466,321
3467,1303
3468,1141
3469,1291
3470,1435
3471,1901
3472,403
3473,981
3474,434
3475,1206
3476,1913
3477,1322
3478,10
3479,353
3480,127
3481,1239
3482,264
3483,1599
3484,1077
3485,1605
3486,919
3487,1871
3488,1532
3489,178
3490,873
3491,1926
3492,1254
3493,497
3494,1412
3495,1605
3496,895
3497,626
3498,1632
3499,848
3500,1540
3501,617
3502,865
3503,1901
3504,1889
3505,1043
3506,942
3507,1156
3508,1215
3509,680
3510,631
3511,466
3512,210
3513,1084
3514,180
3515,1224
3516,1359
3517,1169
3518,1628
3519,996
3520,1563
3521,533
3522,479
3523,557
3524,1629
3525,1309
3526,157
3527,1841
3528,1351
3529,102
3530,1485
3531,430
3532,451
3533,336
3534,211
3535,270
3536,694
3537,49
3538,1736
3539,900
3540,1358
3541,783
3542,1072
3543,1272
3544,1016
3545,547
3546,231
3547,623
3548,1531
3549,1750
3550,1114
3551,1793
3552,1714
3553,1367
3554,1746
3555,1663
3556,474
3557,814
3558,246
3559,1416
3560,1796
3561,252
3562,1985
3563,1013
3564,128
3565,342
3566,489
3567,187
3568,1059
3569,75
3570,93
3571,1802
3572,1822
3573,1536
3574,531
3575,685
3576,409
3577,834
3578,1589
3579,467
3580,1882
3581,947
3582,485
3583,286
3584,1526
3585,1743
3586,1731
3587,1855
3588,441
3589,1737
3590,1395
3591,307
3592,1564
3593,1556
3594,932
3595,651
3596,1634
3597,780
3598,190
3599,830
3600,1205
3601,1938
3602,253
3603,271
3604,378
3605,1885
3606,371
3607,407
3608,1196
3609,656
3610,682
3611,1599
3612,10
3613,966
3614,1788
3615,977
3616,1020
3617,1450
3618,770
3619,1770
3620,117
3621,485
3622,1561
3623,460
3624,541
3625,219
3626,1023
3627,1327
3628,922
3629,1800
3630,1235
3631,713
3632,1912
3633,567
3634,431
3635,1246
3636,290
3637,553
3638,1867
3639,139
3640,1394
3641,1907
3642,1534
3643,1020
3644,925
3645,1763
3646,1532
3647,60
3648,1566
3649,1411
3650,1302
3651,1411
3652,530
3653,168
3654,94
3655,1765
3656,865
3657,28
3658,1302
3659,1292
3660,632
3661,1919
3662,1546
3663,1496
3664,1833
3665,162
3666,1990
3667,74
3668,1415
3669,1779
3670,328
3671,732
3672,1840
3673,1371
3674,278
3675,1907
3676,1032
3677,1768
3678,536
3679,269
3680,1072
3681,1604
3682,60
3683,68
3684,704
3685,294
3686,1434
3687,150
3688,1209
3689,1196
3690,1114
3691,1449
3692,602
3693,1665
3694,1346
3695,524
3696,1931
3697,1017
3698,397
3699,20
3700,1409
3701,1976
3702,272
3703,443
3704,142
3705,557
3706,1162
3707,296
3708,443
3709,1173
3710,1675
3711,1688
3712,1743
3713,1797
3714,857
3715,1683
3716,405
3717,619
3718,970
3719,703
3720,1797
3721,1254
3722,1470
3723,1142
3724,242
3725,1143
3726,349
3727,1628
3728,289
3729,883
3730,1764
3731,1883
3732,1999
3733,771
3734,996
3735,1290
3736,1499
3737,349
3738,135
3739,1792
3740,1988
3741,190
3742,767
3743,482
3744,29
3745,1578
3746,414
3747,120
3748,406
3749,989
3750,844
3751,113
3752,1646
3753,1867
3754,1452
3755,778
3756,1690
3757,1551
3758,1932
3759,1074
3760,1316
3761,589
3762,1909
3763,266
3764,842
3765,1445
3766,1736
3767,430
3768,1760
3769,310
3770,137
3771,787
3772,522
3773,707
3774,1758
3775,635
3776,656
3777,364
3778,366
3779,819
3780,1663
3781,831
3782,1942
3783,97
3784,675
3785,1229
3786,241
3787,234
3788,646
3789,623
3790,87
3791,268
3792,60
3793,1994
3794,1781
3795,276
3796,1874
3797,1869
3798,152
3799,428
3800,990
3801,1923
3802,163
3803,968
3804,535
3805,1608
3806,90
3807,988
3808,179
3809,1683
3810,1109
3811,387
3812,698
3813,406
3814,1338
3815,1796
3816,1225
3817,953
3818,37
3819,219
3820,1306
3821,1672
3822,1157
3823,1601
3824,1275
3825,1767
3826,1963
3827,1005
3828,123
3829,1019
3830,1491
3831,1811
3832,1731
3833,848
3834,854
3835,506
3836,1464
3837,1885
3838,293
3839,304
3840,911
3841,507
3842,1121
3843,7
3844,808
3845,823
3846,821
3847,1596
3848,939
3849,1310
3850,540
3851,108
3852,481
3853,1870
3854,866
3855,670
3856,1571
3857,1177
3858,1013
3859,609
3860,80
3861,608
3862,1712
3863,368
3864,473
3865,1579
3866,892
3867,1480
3868,22
3869,818
3870,1692
3871,1179
3872,865
3873,416
3874,1258
3875,1966
3876,1746
3877,988
3878,1781
3879,1368
3880,1042
3881,890
3882,1914
3883,826
3884,759
3885,1283
3886,1481
3887,1743
3888,133
3889,485
3890,289
3891,1455
3892,26
3893,243
3894,957
3895,28
3896,951
3897,1389
3898,298
3899,475
3900,916
3901,848
3902,1038
3903,1799
3904,967
3905,711
3906,582
3907,952
3908,206
3909,780
3910,698
3911,1247
3912,1289
3913,1001
3914,1161
3915,1193
3916,326
3917,1065
3918,1449
3919,1908
3920,292
3921,745
3922,815
3923,1267
3924,1159
3925,1752
3926,807
3927,1306
3928,1757
3929,343
3930,1622
3931,572
3932,1220
3933,554
3934,1772
3935,1671
3936,1804
3937,1178
3938,65
3939,1216
3940,751
3941,1489
3942,335
3943,527
3944,1984
3945,1289
3946,1347
3947,323
3948,1340
3949,748
3950,1363
3951,72
3952,1089
3953,1625
3954,1761
3955,92
3956,1749
3957,366
3958,1912
3959,1208
3960,1154
3961,1110
3962,1513
3963,1037
3964,462
3965,712
3966,1313
3967,1948
3968,281
3969,824
3970,1671
3971,1574
3972,1839
3973,585
3974,981
3975,379
3976,771
3977,247
3978,1772
3979,1966
3980,70
3981,1812
3982,1605
3983,1089
3984,55
3985,1168
3986,1841
3987,630
3988,134
3989,1524
3990,1423
3991,260
3992,824
3993,1600
3994,29
3995,736
3996,682
3997,1913
3998,1576
3999,1935
4000,76
4001,1315
4002,1575
4003,1606
4004,1225
4005,1840
4006,256
4007,1987
4008,443
4009,1670
4010,1672
4011,239
4012,97
4013,755
4014,1023
4015,394
4016,296
4017,181
4018,1453
4019,404
4020,1239
4021,341
4022,596
4023,2
4024,562
4025,1221
4026,736
4027,1174
4028,742
4029,286
4030,49
4031,321
4032,477
4033,740
4034,1244
4035,222
4036,1925
4037,1094
4038,933
4039,748
4040,1836
4041,404
4042,540
4043,1092
4044,14
4045,455
4046,674
4047,1900
4048,816
4049,450
4050,1632
4051,576
4052,695
4053,594
4054,1943
4055,1194
4056,1676
4057,896
4058,1003
4059,808
4060,1555
4061,1402
4062,1716
4063,1102
4064,1991
4065,842
4066,315
4067,1464
4068,1125
4069,454
4070,1735
4071,1652
4072,1253
4073,788
4074,548
4075,258
4076,1962
4077,1229
4078,368
4079,1534
4080,83
4081,663
4082,272
4083,473
4084,934
4085,970
4086,1225
4087,1837
4088,60
4089,184
4090,7
4091,1159
4092,1949
4093,1128
4094,432
4095,742
4096,876
4097,517
4098,1932
4099,615
4100,1028
4101,358
4102,1984
4103,356
4104,877
4105,1695
4106,727
4107,552
4108,1768
4109,288
4110,1821
4111,350
4112,201
4113,241
4114,1739
4115,358
4116,805
4117,1536
4118,1186
4119,997
4120,296
4121,1493
4122,1026
4123,707
4124,347
4125,1521
4126,208
4127,576
4128,1656
4129,845
4130,1497
4131,1331
4132,1512
4133,1115
4134,1908
4135,1758
4136,1295
4137,1431
4138,1800
4139,1247
4140,315
4141,1739
4142,1000
4143,768
4144,262
4145,233
4146,301
4147,704
4148,40
4149,1048
4150,1358
4151,544
4152,1796
4153,1452
4154,484
4155,838
4156,1169
4157,159
4158,594
4159,263
4160,208
4161,1868
4162,780
4163,812
4164,1495
4165,235
4166,291
4167,214
4168,796
4169,275
4170,1831
4171,1914
4172,766
4173,865
4174,563
4175,390
4176,249
4177,175
4178,1797
4179,1549
4180,775
4181,91
4182,1373
4183,1916
4184,315
4185,2
4186,1085
4187,1898
4188,879
4189,1231
4190,48
4191,1829
4192,292
4193,961
4194,1278
4195,873
4196,242
4197,1764
4198,1161
4199,107
4200,664
4201,631
4202,566
4203,449
4204,43
4205,1088
4206,1355
4207,1513
4208,1679
4209,1533
4210,188
4211,773
4212,1515
4213,1264
4214,492
4215,1342
4216,1168
4217,1279
4218,1236
4219,1985
4220,626
4221,548
4222,1281
4223,1243
4224,645
4225,890
4226,821
4227,1779
4228,1815
4229,284
4230,1525
4231,1440
4232,36
4233,281
4234,31
4235,1276
4236,1811
4237,1132
4238,1274
4239,705
4240,755
4241,1624
4242,661
4243,1061
4244,1273
4245,1124
4246,70
4247,1251
4248,1139
4249,1941
4250,246
4251,1234
4252,386
4253,1560
4254,1981
4255,258
4256,1052
4257,1902
4258,1942
4259,905
4260,807
4261,1399
4262,239
4263,1700
4264,375
4265,851
4266,233
4267,695
4268,1971
4269,1170
4270,40
4271,1165
4272,1761
4273,508
4274,1680
4275,182
4276,70
4277,1854
4278,1918
4279,694
4280,741
4281,1657
4282,1230
4283,855
4284,1378
4285,352
4286,62
4287,1072
4288,1074
4289,637
4290,74
4291,203
4292,1901
4293,1121
4294,1323
4295,1742
4296,30
4297,512
4298,1639
4299,1352
4300,1292
4301,659
4302,369
4303,1904
4304,660
4305,538
4306,1390
4307,650
4308,920
4309,288
4310,591
4311,173
4312,10
4313,117
4314,520
4315,159
4316,151
4317,1178
4318,1254
4319,1603
4320,870
4321,486
4322,605
4323,237
4324,84
4325,1581
4326,577
4327,1945
4328,517
4329,196
4330,1246
4331,1896
4332,1638
4333,477
4334,259
4335,924
4336,9
4337,1084
4338,1279
4339,1517
4340,275
4341,183
4342,1113
4343,396
4344,403
4345,1425
4346,556
4347,120
4348,1210
4349,1368
4350,1891
4351,1826
4352,528
4353,189
4354,259
4355,643
4356,1204
4357,1003
4358,1518
4359,1047
4360,1246
4361,1173
4362,1464
4363,1944
4364,90
4365,35
4366,1747
4367,404
4368,1026
4369,1062
4370,1017
4371,436
4372,802
4373,738
4374,1261
4375,230
4376,1123
4377,1748
4378,1372
4379,1653
4380,200
4381,696
4382,217
4383,1800
4384,1948
4385,71
4386,421
4387,715
4388,266
4389,1635
4390,1380
4391,1141
4392,1406
4393,1510
4394,1088
4395,1282
4396,1059
4397,1772
4398,27
4399,533
4400,244
4401,1448
4402,997
4403,1966
4404,631
4405,603
4406,1406
4407,490
4408,275
4409,1314
4410,1753
4411,1886
4412,40
4413,1557
4414,1022
4415,1946
4416,1141
4417,1441
4418,1045
4419,968
4420,1142
4421,1785
4422,457
4423,265
4424,62
4425,303
4426,560
4427,201
4428,784
4429,1294
4430,1077
4431,426
4432,831
4433,1159
4434,342
4435,1671
4436,795
4437,1403
4438,1088
4439,1524
4440,370
4441,257
4442,1748
4443,1356
4444,1556
4445,829
4446,993
4447,733
4448,53
4449,1084
4450,611
4451,741
4452,1615
4453,827
4454,954
4455,1635
4456,1953
4457,67
4458,1897
4459,857
4460,1105
4461,458
4462,1569
4463,1802
4464,1877
4465,1150
4466,1485
4467,1650
4468,629
4469,658
4470,1061
4471,1563
4472,1659
4473,565
4474,98
4475,876
4476,905
4477,1828
4478,25
4479,1360
4480,1679
4481,645
4482,684
4483,307
4484,347
4485,110
4486,416
4487,518
4488,1080
4489,1382
4490,461
4491,1761
4492,1770
4493,604
4494,772
4495,739
4496,799
4497,1576
4498,503
4499,912
4500,387
4501,669
4502,714
4503,812
4504,1449
4505,1504
4506,361
4507,228
4508,1209
4509,1909
4510,453
4511,1352
4512,1457
4513,737
4514,360
4515,833
4516,279
4517,1864
4518,66
4519,228
4520,1458
4521,390
4522,611
4523,242
4524,1017
4525,968
4526,510
4527,1690
4528,1559
4529,1872
4530,326
4531,674
4532,1304
4533,494
4534,226
4535,322
4536,1549
4537,1633
4538,1033
4539,1749
4540,1670
4541,1244
4542,980
4543,672
4544,1122
4545,598
4546,669
4547,72
4548,7
4549,1447
4550,1935
4551,1704
4552,1603
4553,869
4554,950
4555,715
4556,715
4557,720
4558,1790
4559,1151
4560,1242
4561,636
4562,1243
4563,1416
4564,489
4565,606
4566,1112
4567,1366
4568,630
4569,1520
4570,539
4571,1298
4572,251
4573,215
4574,394
4575,867
4576,872
4577,635
4578,1624
4579,675
4580,1246
4581,1355
4582,946
4583,71
4584,797
4585,1437
4586,1998
4587,112
4588,1252
4589,1110
4590,925
4591,1989
4592,278
4593,200
4594,1734
4595,755
4596,1244
4597,356
4598,875
4599,991
4600,1714
4601,979
4602,1548
4603,902
4604,99
4605,1615
4606,1128
4607,1707
4608,718
4609,1477
4610,672
4611,863
4612,484
4613,998
4614,1568
4615,1984
4616,439
4617,160
4618,213
4619,1213
4620,1666
4621,1180
4622,562
4623,552
4624,1395
4625,1800
4626,1233
4627,1821
4628,504
4629,1753
4630,783
4631,88
4632,1053
4633,291
4634,1831
4635,626
4636,269
4637,1449
4638,792
4639,1095
4640,1537
4641,636
4642,1961
4643,435
4644,726
4645,1312
4646,1436
4647,591
4648,1800
4649,92
4650,1740
4651,312
4652,1541
4653,180
4654,1017
4655,1612
4656,549
4657,863
4658,551
4659,833
4660,1641
4661,1042
4662,245
4663,1208
4664,1105
4665,1866
4666,907
4667,247
4668,1751
4669,797
4670,890
4671,164
4672,1166
4673,1100
4674,404
4675,1939
4676,757
4677,643
4678,752
4679,85
4680,399
4681,1771
4682,1551
4683,1691
4684,1786
4685,1577
4686,1563
4687,553
4688,1417
4689,1719
4690,1086
4691,1538
4692,835
4693,274
4694,111
4695,983
4696,690
4697,1669
4698,1736
4699,79
4700,1047
4701,318
4702,1784
4703,1000
4704,101
4705,1050
4706,623
4707,163
4708,191
4709,162
4710,848
4711,1959
4712,1042
4713,994
4714,1714
4715,1625
4716,1063
4717,1499
4718,64
4719,1465
4720,1174
4721,173
4722,486
4723,1950
4724,116
4725,983
4726,443
4727,1746
4728,126
4729,587
4730,698
4731,559
4732,601
4733,153
4734,1013
4735,1455
4736,44
4737,899
4738,1113
4739,357
4740,900
4741,429
4742,1341
4743,1255
4744,1417
4745,1495
4746,173
4747,1412
4748,1666
4749,218
4750,970
4751,311
4752,1935
4753,1216
4754,575
4755,50
4756,882
4757,874
4758,959
4759,644
4760,1725
4761,932
4762,1313
4763,1872
4764,1727
4765,161
4766,1311
4767,1990
4768,657
4769,1856
4770,1006
4771,1100
4772,1485
4773,1677
4774,929
4775,1982
4776,4
4777,957
4778,768
4779,1343
4780,1158
4781,767
4782,1560
4783,1155
4784,35
4785,1877
4786,16
4787,566
4788,234
4789,1836
4790,815
4791,666
4792,258
4793,610
4794,217
4795,1087
4796,1545
4797,49
4798,1180
4799,1039
4800,1556
4801,1918
4802,1614
4803,357
4804,168
4805,856
4806,1884
4807,592
4808,916
4809,767
4810,1252
4811,1131
4812,1899
4813,1952
4814,343
4815,481
4816,284
4817,566
4818,980
4819,915
4820,32
4821,255
4822,1215
4823,1630
4824,1849
4825,1748
4826,509
4827,676
4828,801
4829,1039
4830,965
4831,325
4832,1228
4833,1824
4834,1008
4835,549
4836,775
4837,902
4838,767
4839,1054
4840,1877
4841,447
4842,900
4843,855
4844,1959
4845,819
4846,255
4847,1513
4848,1811
4849,77
4850,846
4851,1370
4852,614
4853,316
4854,914
4855,1072
4856,749
4857,1577
4858,1849
4859,12
4860,455
4861,1992
4862,1530
4863,602
4864,610
4865,1091
4866,1306
4867,768
4868,1800
4869,301
4870,1475
4871,130
4872,684
4873,1558
4874,486
4875,1867
4876,659
4877,206
4878,1973
4879,367
4880,1076
4881,1342
4882,1561
4883,257
4884,1885
4885,906
4886,842
4887,992
4888,1271
4889,132
4890,1753
4891,1108
4892,768
4893,521
4894,361
4895,702
4896,446
4897,623
4898,1755
4899,437
4900,732
4901,52
4902,279
4903,1040
4904,648
4905,100
4906,492
4907,709
4908,1337
4909,1826
4910,1807
4911,909
4912,1090
4913,285
4914,1029
4915,1160
4916,1167
4917,435
4918,1461
4919,1245
4920,530
4921,329
4922,1339
4923,879
4924,573
4925,1360
4926,1825
4927,893
4928,1198
4929,983
4930,1999
4931,699
4932,873
4933,189
4934,672
4935,1013
4936,608
4937,1743
4938,1361
4939,980
4940,1620
4941,653
4942,5
4943,556
4944,1486
4945,1762
4946,1652
4947,1743
4948,1002
4949,1660
4950,293
4951,1368
4952,88
4953,1384
4954,219
4955,33
4956,609
4957,1225
4958,1157
4959,749
4960,1893
4961,387
4962,754
4963,825
4964,309
4965,226
4966,1819
4967,1208
4968,281
4969,153
4970,641
4971,1551
4972,869
4973,71
4974,17
4975,1200
4976,1243
4977,1134
4978,1019
4979,1486
4980,901
4981,1029
4982,1427
4983,1101
4984,96
4985,951
4986,933
4987,1944
4988,1995
4989,1977
4990,1160
4991,1711
4992,1598
4993,1773
4994,1047
4995,268
4996,784
4997,92
4998,775
4999,870
5000,1591
